{"position": [-0.007839484140276909, -0.12573093175888062, 0.032499998807907104], "orientation": [0.0, 0.0, 0.0, 1.0]}