{"position": [0.01136087067425251, -0.09424066543579102, 0.09984886646270752], "orientation": [0.0, 0.0, 0.0, 1.0]}