{"position": [-0.07649476826190948, 0.04729331657290459, 0.055944062769412994], "orientation": [0.0, 0.0, 0.0, 1.0]}