{"position": [0.036709822714328766, 0.03453092649579048, 0.032499998807907104], "orientation": [0.0, 0.0, 0.0, 1.0]}