{"position": [-0.04960062727332115, 0.08389408886432648, 0.056480299681425095], "orientation": [0.22037774324417114, -0.6429189443588257, -0.007732702419161797, 0.7335046529769897]}