{"position": [0.1303817182779312, 0.028707077726721764, 0.09589958190917969], "orientation": [0.42304447293281555, -0.7448856234550476, -0.03180103749036789, -0.5149441361427307]}