{"position": [-0.00011725393414963037, -0.11568431556224823, 0.05669573321938515], "orientation": [0.6384117007255554, -0.35852620005607605, -0.4926984906196594, 0.4702528119087219]}