{"position": [-0.0023772737476974726, 0.0667635127902031, 0.08413069695234299], "orientation": [-0.07019922882318497, -0.5684822797775269, -0.07299753278493881, 0.8164381980895996]}