{"position": [-0.02043258585035801, 0.06224347651004791, 0.07840496301651001], "orientation": [0.0, 0.0, 0.0, 1.0]}