{"position": [-0.020537901669740677, -0.12108851969242096, 0.0922723039984703], "orientation": [-0.9586646556854248, 0.12209811806678772, 0.18530650436878204, 0.1780887395143509]}