{"position": [-0.0006164285587146878, -0.029646754264831543, 0.032499998807907104], "orientation": [0.0, 0.0, 0.0, 1.0]}