{"position": [0.026374313980340958, 0.10677855461835861, 0.08914294093847275], "orientation": [-0.8428888916969299, -0.010537299327552319, -0.509605348110199, -0.17242297530174255]}