{"position": [-0.08511736989021301, -0.07888373732566833, 0.0564345084130764], "orientation": [-0.2205776423215866, 0.9350863695144653, 0.2756156921386719, -0.031543198972940445]}