{"position": [-0.04483885318040848, -0.08218837529420853, 0.032499998807907104], "orientation": [0.0, 0.0, 0.0, 1.0]}