{"position": [-0.08741507679224014, 0.09715262800455093, 0.07877317070960999], "orientation": [0.0, 0.0, 0.0, 1.0]}