{"position": [-0.05137655511498451, 0.08259586989879608, 0.08995284885168076], "orientation": [0.0, 0.0, 0.0, 1.0]}