{"position": [0.011024123057723045, 0.037477653473615646, 0.032499998807907104], "orientation": [0.0, 0.0, 0.0, 1.0]}