{"position": [-0.12614475190639496, -0.03278215229511261, 0.032499998807907104], "orientation": [0.0, 0.0, 0.0, 1.0]}