{"position": [0.08042535930871964, 0.10471183806657791, 0.049891602247953415], "orientation": [0.0, 0.0, 0.0, 1.0]}