{"position": [-0.004204646218568087, -0.057261522859334946, 0.0730786919593811], "orientation": [0.6218709349632263, 0.11462799459695816, 0.582810640335083, 0.5103614330291748]}