{"position": [-0.03247370943427086, -0.11750020831823349, 0.09758756309747696], "orientation": [0.6572474241256714, -0.35375091433525085, -0.5148048996925354, 0.4217368960380554]}