{"position": [-0.0365658700466156, -0.12719541788101196, 0.08181339502334595], "orientation": [0.4897661805152893, 0.4579547643661499, 0.09364540874958038, 0.7359599471092224]}