{"position": [0.06288281828165054, 0.1156199499964714, 0.0936584398150444], "orientation": [0.40258872509002686, 0.8990032076835632, -0.1666536182165146, -0.04406958073377609]}