{"position": [0.002529574790969491, 0.11003165692090988, 0.032499998807907104], "orientation": [0.0, 0.0, 0.0, 1.0]}