{"position": [-0.0025993373710662127, 0.04807534068822861, 0.032499998807907104], "orientation": [0.0, 0.0, 0.0, 1.0]}