{"position": [-0.04324923828244209, -0.024185655638575554, 0.06631351262331009], "orientation": [-0.6958925127983093, -0.0626617893576622, 0.531658947467804, -0.47869184613227844]}