{"position": [0.09092386811971664, -0.03749958425760269, 0.09547404199838638], "orientation": [0.5119284987449646, 0.11978556215763092, -0.5252618193626404, 0.6690894365310669]}