{"position": [0.014241809025406837, 0.08473117649555206, 0.0891597643494606], "orientation": [0.17713357508182526, -0.5197625756263733, 0.6580274105072021, -0.5152382254600525]}