{"position": [-0.12991178035736084, 0.029113974422216415, 0.08131448924541473], "orientation": [0.5406381487846375, 0.5877577662467957, 0.45228132605552673, -0.39710548520088196]}