{"position": [0.051054947078228, 0.10409490019083023, 0.07979127764701843], "orientation": [0.0, 0.0, 0.0, 1.0]}