{"position": [0.11284339427947998, 0.026352453976869583, 0.055783648043870926], "orientation": [0.0, 0.0, 0.0, 1.0]}