{"position": [-0.08971914649009705, -0.054745208472013474, 0.09061601012945175], "orientation": [0.38454753160476685, 0.8436667323112488, -0.04420663043856621, 0.3720153570175171]}