{"position": [-0.028582695871591568, -0.06577710807323456, 0.032499998807907104], "orientation": [0.0, 0.0, 0.0, 1.0]}