{"position": [-0.06872466206550598, -0.03216767683625221, 0.032499998807907104], "orientation": [0.0, 0.0, 0.0, 1.0]}