{"position": [0.12533307075500488, 0.03870667889714241, 0.07850924879312515], "orientation": [0.27623146772384644, 0.5469862222671509, -0.6837565302848816, -0.3962061107158661]}