{"position": [-0.10427355021238327, -0.04352029040455818, 0.06006975471973419], "orientation": [0.0, 0.0, 0.0, 1.0]}