{"position": [0.013242822140455246, 0.05982954800128937, 0.08982966840267181], "orientation": [0.03776612877845764, 0.35367465019226074, -0.47472119331359863, 0.8050638437271118]}