{"position": [-0.08115275949239731, -0.08065065741539001, 0.05372012034058571], "orientation": [0.0, 0.0, 0.0, 1.0]}