{"position": [-0.09530273079872131, -0.0627439022064209, 0.08729559928178787], "orientation": [-0.18326300382614136, -0.6668725609779358, -0.36992788314819336, 0.6203619837760925]}