{"position": [-0.11672265827655792, 0.005528113804757595, 0.06427368521690369], "orientation": [0.4664182662963867, -0.10634107887744904, -0.17266260087490082, 0.8610070943832397]}